{
  "project_info": {
    "project_number": "1025139281901",
    "project_id": "snowtimerapp",
    "storage_bucket": "snowtimerapp.firebasestorage.app"
  },
  "client": [
    {
      "client_info": {
        "mobilesdk_app_id": "1:1025139281901:android:6ea2ea6f5bba3a75e4a1e4",
        "android_client_info": {
          "package_name": "com.example.snowtimerapp"
        }
      },
      "oauth_client": [],
      "api_key": [
        {
          "current_key": "AIzaSyA5SqBxqIabNPoiyS6VbdMHiFRAZajqHIE"
        }
      ],
      "services": {
        "appinvite_service": {
          "other_platform_oauth_client": []
        }
      }
    }
  ],
  "configuration_version": "1"
}